title,content
"Reactive Programming","Reactive programming is a programming paradigm focused on data flows and the propagation of changes. Libraries like RxJS for JavaScript and Reactor for Java enable reactive development."
"Functional Programming","Functional programming treats computation as the evaluation of mathematical functions. Languages like Haskell, Lisp, and modern JavaScript support functional programming principles."
"Object-Oriented Design","Object-oriented design principles include encapsulation, inheritance, and polymorphism. Design patterns provide reusable solutions to common programming problems."
"Microservices Architecture","Microservices break applications into small loosely coupled services. This architecture enables independent deployment and scaling of individual services."
"Container Technology","Containers package applications with their dependencies for consistent deployment. Docker is the most popular containerization platform."
"Kubernetes Orchestration","Kubernetes automates deployment and management of containerized applications. It handles scaling, updates, and service discovery automatically."
"GraphQL API Design","GraphQL is a query language for APIs that allows clients to request exactly the data they need. It provides advantages over REST APIs in flexibility and efficiency."
"REST API Best Practices","REST APIs use HTTP methods and status codes to create scalable web services. Proper design improves API usability and maintainability."
"Event-Driven Architecture","Event-driven systems respond to events using asynchronous communication. Message queues and event streams enable loose coupling between components."
"NoSQL Databases","NoSQL databases like MongoDB and Cassandra provide flexible data models. They are designed for horizontal scaling and high availability."
"Authentication Methods","Authentication verifies user identity using passwords, tokens, or biometrics. OAuth 2.0 and JWT are popular for modern applications."
"Data Encryption","Encryption protects data using mathematical algorithms. AES for symmetric encryption and RSA for asymmetric encryption are industry standards."
"Network Security","Network security involves firewalls, intrusion detection, and VPNs. Layered security approaches provide defense in depth."
"Web Performance","Web performance optimization includes minification, caching, and lazy loading. Faster websites improve user experience and SEO rankings."
"Responsive Design","Responsive web design adapts to different screen sizes using flexible layouts and media queries. Mobile-first design is now the standard."
